,silhouette,davies_bouldin,ARI
KMeans,0.24749804312213808,0.7066296912367973,0.0
Agglomerative,0.30989639365917493,0.6122006461478562,0.0
DBSCAN,-1.0,-1.0,1.0
