method,silhouette_score,ch_score
VAE,0.3570539057254791,917.5200441367425
PCA,0.3866002857685089,1168.7493530357171
